AAPL_x,AAPL_y,
0,1/2/2014,77.445395
1,1/3/2014,77.045575
2,1/6/2014,74.896972
3,1/7/2014,75.856461
4,1/8/2014,75.091947
